{
  "saveStudent": [
    {
      "fullname": "Deepak",
      "dateofbirth": "1988-06-10T18:30:00.000Z",
      "skills": "Angular Intermediate",
      "gender": "Male",
      "phone": "9876543210",
      "password": "Deepak0688",
      "email": "deepak@gmail.com",
      "id": 1
    },
    {
      "fullname": "Deepak",
      "dateofbirth": "1988-06-10",
      "skills": "Angular Intermediate",
      "gender": "Male",
      "phone": "9876543210",
      "password": "Deepak0688",
      "email": "deepak@gmail.com",
      "id": 2
    },
    {
      "fullname": "Archit",
      "dateofbirth": "2017-08-16",
      "skills": "Angular Basic",
      "gender": "Male",
      "phone": "9876543210",
      "password": "Archit1708",
      "email": "archit@gmail.com",
      "id": 3
    },
    {
      "fullname": "Deepak",
      "dateofbirth": "2017-09-22T18:30:00.000Z",
      "skills": "Angular Intermediate",
      "gender": "Male",
      "phone": "9876543221",
      "password": "Deepak0688",
      "email": "222@gm.com",
      "id": 4
    },
    {
      "fullname": "Vrushab",
      "dateofbirth": "28/04/2021",
      "skills": "Angular Basic",
      "gender": "Male",
      "phone": "9876543210",
      "password": "Vrushu1234",
      "email": "vrushab@gmail.com",
      "id": 5
    },
    {
      "fullname": "Deepak",
      "dateofbirth": "06/11/1988",
      "skills": "Angular Intermediate",
      "gender": "Male",
      "phone": "9876543210",
      "password": "Deepak0688",
      "email": "deepak@gmail.com",
      "id": 6
    }
  ],
  "saveRegistration": []
}