{
  "saveStudent": [
    {
      "fullname": "Deepak",
      "dateofbirth": "1988-06-10T18:30:00.000Z",
      "skills": "Angular Intermediate",
      "gender": "Male",
      "phone": "9876543210",
      "password": "Deepak0688",
      "email": "deepak@gmail.com",
      "id": 1
    },
    {
      "fullname": "Deepak",
      "dateofbirth": "1988-06-10",
      "skills": "Angular Intermediate",
      "gender": "Male",
      "phone": "9876543210",
      "password": "Deepak0688",
      "email": "deepak@gmail.com",
      "id": 2
    },
    {
      "fullname": "Archit",
      "dateofbirth": "2017-08-16",
      "skills": "Angular Basic",
      "gender": "Male",
      "phone": "9876543210",
      "password": "Archit1708",
      "email": "archit@gmail.com",
      "id": 3
    }
  ]
}